full_name,pushed_at,categories,description
aasanchez/ocpp16j,2026-06-24T10:23:44Z,OCPP > Libraries,"Go library for parsing, validating, decoding, and marshaling OCPP-J 1.6 Call, CallResult, and CallError message envelopes."
aasanchez/ocpp16messages,2026-07-03T17:43:12Z,OCPP > Libraries,Type-safe Go library for constructing and validating OCPP 1.6 request and response messages.
abhishandilya/ocpp.ai,2023-11-07T21:39:26Z,OCPP > Misc,An open-source AI chatbot UI configured for chatting with an OCPP expert.
adriandotdev/ocpp-central-system,2024-12-12T02:12:12Z,OCPP > Server,Node.js implementation of core OCPP central system commands exposed via REST APIs and WebSocket communication.
agruenb/micro-ocpp-dashboard,2024-10-16T17:12:13Z,OCPP > Dashboard,"A web-based dashboard for monitoring and interacting with the MicroOcpp OCPP library, optimized for deployment on microcontrollers."
alexeimoisseev/ocpp-server-typescript,2026-02-12T14:57:30Z,OCPP > Server,"A minimal TypeScript OCPP WebSocket server for learning, testing chargers, and running simulators with support for OCPP 1.6J and 2.0.1 core charging flows."
alexeimoisseev/ocpp.md,2026-07-07T06:38:39Z,OCPP > Misc,"An OCPP knowledge base and AI agent plugin providing structured message schemas, sequence diagrams, use-case catalogs, and implementation guidance for OCPP 2.1, 2.0.1, and 1.6J."
alexs-sh/dummy-central-system,2021-08-11T09:13:38Z,OCPP > Simulator,A Rust dummy OCPP central system that emulates a charging station operator backend handling basic OCPP messages and certificate signing flows.
alexs-sh/tom,2024-06-22T12:58:25Z,OCPP > Misc,"A Python converter that bridges OCPP SOAP charge points to OCPP JSON central systems, with support for OCPP 1.5 messages."
alickjoe/test-ocpi,2026-06-01T21:39:59Z,OCPI > Misc,A web-based tool that validates JSON payloads against OCPI schemas across multiple OCPI versions and modules.
aliml92/ocpp,2026-01-30T06:03:25Z,OCPP > Libraries,A Go library implementing JSON OCPP 1.6 and 2.0.1 with server and charge point client support.
ampeco/cpd-ocpp,2024-01-29T16:05:36Z,OCPP > Libraries,JavaScript library providing OCPP 1.6 JSON client/server abstractions and request/response validation.
andreibesleaga/ochp-mcp,2026-06-24T13:07:24Z,Other > OCHP Server,"A deprecated TypeScript MCP server that exposes OCHP 1.4 and OCHP-Direct operations for EV charging authorization, charge point data, status, CDRs, and EVSE control."
andreibesleaga/ocm-php,2026-06-25T13:20:26Z,Other > Open Charge Map library,A deprecated unofficial PHP SDK for accessing the Open Charge Map REST API from PHP applications.
andreibesleaga/ocm-sdk,2026-06-25T14:29:07Z,Other > Open Charge Map SDK|Other > MCP Server,A deprecated TypeScript/JavaScript SDK and MCP server for accessing the Open Charge Map REST API for EV charging location data.
andreibesleaga/ocpi-sdk,2026-02-09T14:32:24Z,OCPI > Libraries|OCPI > Misc,"Deprecated TypeScript/JavaScript SDK for accessing an OCPI REST API, with an included MCP server for AI-based OCPI communication."
andreibesleaga/oscp-sdk,2026-02-09T14:31:29Z,Other > OSCP Libraries,Deprecated TypeScript/JavaScript SDK for the OSCP REST API with an MCP server for AI-assisted API exploration and integration.
Anmirazik/OCPP1.6J-Server-Nodered,2023-11-25T02:57:43Z,OCPP > Server,A Node-RED prototype OCPP 1.6J server that exchanges basic charger commands and forwards OCPP data to ThingsBoard over MQTT for visualization and control.
Anmirazik/Open-Source-Ev-charger-End-to-End-Solution,2023-12-07T04:20:25Z,OCPP > Misc,A step-by-step guide for integrating an EVerest-based EV charger with open-source CSMS backends using OCPP.
api-evangelist/enel-x,2026-06-27T16:32:00Z,Other > Smart energy and DER management,"Profile of Enel X smart energy and DER management services, including Enel X Way EV charging products and VPP Connect API integration for aggregating DERs into virtual power plants."
api-evangelist/schaeffler,2026-06-27T16:21:00Z,Other,"Schaeffler is a company profile repository documenting a German automotive and industrial supplier of bearings, powertrain components, chassis applications, and e-mobility systems, with no public APIs documented."
api-evangelist/tae-technologies,2026-06-27T16:17:33Z,Other,"TAE Technologies is a company profile repository about aneutronic p-B11 fusion energy, related life sciences, and power solutions."
apostoldevel/ocpp-cs,2026-04-13T23:59:04Z,OCPP > Server|OCPP > Simulator,"C++20 OCPP central system with a web UI, REST API, schema validation, and built-in charge point emulators for OCPP 1.5, 1.6, and 2.0.1."
apostoldevel/ocpp-css,2023-04-19T11:43:47Z,OCPP > Server,"OCPP Central System as a Service provides a central system for connecting, managing, and processing data from EV charging stations via OCPP 1.6."
appspace/kwwhat,2026-07-08T14:02:37Z,OCPP > Libraries,"An open-source dbt data transformation library that processes raw OCPP logs into structured analytics models for EV charging reliability, utilization, and session outcome metrics."
apundir/wsbalancer,2020-09-10T10:03:04Z,OCPP > Misc|Other > WebSocket infrastructure,"A Go stateful WebSocket reverse proxy and load balancer that preserves client sessions while failing over connections between backends, including OCPP-style EV charger server deployments."
arasgungore/EEBUS-in-Java,2024-01-30T10:48:28Z,Other > EEBUS Library,"Java library implementing the EEBUS protocol suite, including SHIP and SPINE, for communication and discovery between smart home and energy management devices."
arcnode-io/ems-industrial-fixtures,2026-07-04T13:57:08Z,OCPP > Misc|Other,"Rust mock implementations of industrial gateway protocols for testing Modbus, SNMP, Redfish, DNP3, and CANbus integrations."
arcnode-io/ems-industrial-gateway,2026-07-04T14:04:18Z,Other > Industrial protocol gateway,"Rust gateway that reads industrial grid/device protocols, derives measurements, and publishes unit-scoped samples and dispatch acknowledgements over MQTT."
argonne-vci/node-red-contrib-ocpp,2026-06-05T17:00:39Z,OCPP > Libraries,Node-RED nodes for communicating with OCPP 1.5 and 1.6 EV charge points and central systems over SOAP and JSON.
autimit/ocpp-zig-poc,2025-07-02T04:33:14Z,OCPP > Simulator,"A Zig-based CSMS simulator that models EV charging sessions from mocked OCPP-inspired JSON data and calculates power, energy, cost, and host revenue sharing."
aws-solutions-library-samples/guidance-for-modernizing-electric-vehicle-charging-on-aws,2025-02-28T14:49:48Z,OCPP > Server,AWS guidance for deploying an OCPP Gateway that proxies charge point WebSocket traffic to MQTT via AWS IoT Core for a serverless CPO/CSMS architecture.
aymen-mouelhi/ocpp-js,2021-08-09T22:28:15Z,OCPP > Libraries|OCPP > Server|OCPP > Simulator,"JavaScript implementation of OCPP for creating a central system, charge point clients, and a charge point server with configurable storage."
BashTheDog/elecq-ocpp-ha,2026-04-05T04:59:37Z,OCPP > Server|Other > Home Assistant Integration,Home Assistant custom integration that runs a local OCPP 2.0.1 WebSocket server to monitor and control Elecq AU101/AE106 EV chargers.
BBessler/Solarmanager,2026-07-05T17:43:40Z,OCPP > Misc|Other > Home energy management,"Solarmanager is a local home energy management system that monitors PV generation and household consumption to control EV charging, batteries, heating, and smart-home loads."
Beep-Technologies/esteban-ocpp,2026-05-15T01:33:05Z,OCPP > Server,"Esteban-OCPP is a Go OCPP server for administering charge points and users, exposing REST APIs, and running EV charging deployments in cloud or edge environments."
BePower/bepower.github.io,2022-08-18T11:00:54Z,OCPI > Misc|Other > Website,"bepower.github.io is a GitHub Pages repository for bePower, with repository topics indicating OCPI-related CPO/eMSP/MSP content."
BitzArt/OCPI.Net,2026-02-23T06:23:00Z,OCPI > Libraries,OCPI.Net is a C#/.NET library implementing the Open Charge Point Interface for EV charging roaming.
bodems/controller-firmware,2018-06-24T13:19:54Z,Other > Firmware,OpenWRT-based firmware build files for Raspberry Pi EV charging controllers following IEC 61851.
BorisBrock/HeidelBridge,2026-04-21T16:53:57Z,Other > Wallbox firmware,"ESP32 firmware that connects Heidelberg wallboxes to WiFi and exposes Daheimladen-compatible, MQTT, REST, and OTA interfaces for home energy management integration."
brandonprry/VolatileOCPP,2025-03-18T23:26:36Z,OCPP > Testing,VolatileOCPP is a security-focused OCPP scenario test runner for validating CSMS/OCPP server implementations against Open Charge Alliance test document scenarios.
brunoluiz/ocpp-server-tool,2017-03-03T16:12:25Z,OCPP > Simulator,Java command-line tool that simulates an OCPP 1.5 SOAP Central System server for sending supported commands to a charge point.
c-jimenez/open-ocpp,2026-04-13T12:58:59Z,OCPP > Libraries,Open OCPP is a C++17 library implementing the WebSocket/JSON variants of OCPP 1.6 and OCPP 2.0.1.
c-jimenez/open-ocpp-simu,2026-04-15T06:51:02Z,OCPP > Simulator,"Open OCPP simulator provides an MQTT-based environment for launching, managing, monitoring, and configuring simulated OCPP charge points that connect to a central system."
Cano2020/Offshore-software-team,2021-09-30T08:26:37Z,OCPP > Misc,"Canopus is a software services team offering app development, emerging technology prototyping, and data science services."
cdfq384903/Machnata,2026-03-31T09:26:46Z,OCPP > Libraries|OCPI > Libraries,"Machnata converts JSON Schema definitions, including OCPP and OCPI schemas, into Protocol Buffers and generated multi-language data structures."
cepsdev/v2g-guru-slac,2022-02-22T09:40:00Z,iso15118 > Misc,v2g-guru-slac is a C++20 simulation and implementation of ISO 15118-3 SLAC for matching EVs with EVSEs using real SLAC messages over SCTP.
ChagataiDuru/OCPP-Framework,2024-01-25T10:55:31Z,OCPP > Server,"A NestJS-based OCPP charge station management system with microservices for charge point communication, event processing, MongoDB storage, and an AngularJS monitoring frontend."
chankinwui/OCPP7ROS,2022-11-01T15:23:16Z,OCPP > Simulator|OCPP > Misc,A gateway and simulator project connecting OCPP 2.0.1 EV charging systems with ROS 2 robots.
chargegrid/abusive-charge-point,2017-08-02T15:08:12Z,OCPP > Simulator,Abusive Charge Point is an OCPP 1.5j charge point pool simulator that sends randomized charge point messages for testing or load testing an OCPP back office.
ChargeLab/OpenOCPP,2025-11-03T19:39:24Z,OCPP > Libraries,OpenOCPP is multi-platform embedded software implementing OCPP 1.6 and 2.0.1 for EV charging stations.
ChargeMap/autocharge-vehicles-database,2025-02-18T09:08:43Z,,
ChargeMap/ocpi-protocol,2021-11-12T15:04:27Z,OCPI > Libraries,"A PHP PSR-compatible library and client SDK for handling OCPI eMSP request/response classes, models, validation, listing pagination, and CPO API calls."
ChargePi/chargeflow,2026-05-14T21:23:55Z,OCPP > Misc,"ChargeFlow is a CLI tool for validating raw OCPP 1.6, 2.0.1, and 2.1 JSON messages against standard or custom schemas."
ChargePi/ChargePi,2024-07-25T21:04:40Z,OCPP > Simulator|Other,"ChargePi is a deprecated Raspberry Pi-based EV charge point client implementing OCPP 1.6 JSON/WebSocket for controlling multiple EVSE connectors with LEDs, relays, and power meters."
ChargePi/ChargePi-go,2026-07-01T13:30:50Z,OCPP > Charge Point,"ChargePi-go is Linux-based charge point software that abstracts EV charging station hardware and provides OCPP support, a management UI, and an API."
ChargePi/ocmf-go,2026-01-02T19:56:20Z,Eichrecht > OCMF|OCPP > Libraries,"Go library for generating, signing, and parsing Open Charge Metering Format messages for EV charging meter data."
ChargePi/ocpi-sdk-go,2026-07-08T22:44:39Z,OCPI > Libraries,"Go SDK providing client and server libraries for the OCPI (Open Charge Point Interface) protocol version 2.2.1, auto-generated from OpenAPI specifications."
ChargePi/ocpp-manager,2026-04-19T17:29:28Z,OCPP > Libraries,"A Go library for managing and validating OCPP configuration variables, including defaults, mandatory keys, custom validators, and versioned configurations."
ChargePi/oicp-sdk-go,2025-05-18T16:14:52Z,OICP > Libraries,"A Go HTTP client SDK for the OICP CPO API, generated from the OpenAPI specification."
ChargePi/openev-data-mcp,2026-05-07T22:16:28Z,Other,An MCP server that exposes the open-ev-data electric vehicle specifications dataset as JSON resources backed by PostgreSQL.
ChargePi/oscp-go,2026-07-09T07:29:10Z,Other > Libraries,A Go library providing auto-generated OSCP (Open Smart Charging Protocol) compatible server and client implementations for smart charging.
chargeprice/chargeprice-api-docs,2026-07-06T08:25:08Z,Other,"Documentation and API reference for the Chargeprice commercial data platform, providing REST API access to EV charging tariffs, charge points, operators, and vehicle specifications."
ChargeTimeEU/ChargeTime-HQ,2020-10-13T11:39:03Z,OCPP > Server,ChargeTime-HQ is a JavaFX application for operating EV charging equipment using OCPP.
ChargeTimeEU/Java-OCA-OCPP,2026-06-19T13:32:25Z,OCPP > Libraries,Java-OCA-OCPP is a Java library for implementing OCPP Central Systems and Charge Points with OCPP 1.6 JSON/SOAP and OCPP 2.x support.
chargex-consortium/ev-charge-seq-state,2026-06-02T14:20:28Z,OCPP > Misc|iso15118 > Plug&Charge|iso15118 > Misc,"Open-source UML sequence diagrams and finite-state machine models for SAE J1772, ISO 15118, and OCPP EV charging protocol flows."
charinev/opnc,2025-08-14T17:54:38Z,iso15118 > Plug&Charge,"OPNC is an open-source protocol specification for trusted Plug&Charge communication and PKI ecosystem interoperability in EV charging, covering related ISO 15118 functions."
charinev/unified-error-codes,2026-05-24T16:11:15Z,Other > Error Codes Specification,Draft specification by CharIN for standardized unified error codes and diagnostics across the EV charging ecosystem.
chethanbhatbs/CMS,2026-06-15T10:44:44Z,OCPP > Server|OCPP > Simulator|Other > Charging management system,"EV Charging CMS is a React and Python charge point operator management system with an OCPP 1.6 WebSocket server, live session monitoring, remote charging operations, CRM, RBAC administration, and a virtual charger for testing."
ChilG/zod-ocpp,2024-08-02T07:46:30Z,OCPP > Libraries,"TypeScript library providing Zod validation schemas for OCPP 1.6J messages, requests, and responses."
choudhary463/rocpp,2025-06-04T09:27:07Z,OCPP > Libraries|OCPP > Simulator,"ROCPP is a modular Rust implementation of OCPP 1.6 with client libraries, core protocol types, a charger simulator, and conformance tests."
citrineos/citrineos,2026-02-10T19:32:55Z,OCPP > Server|iso15118 > Misc,CitrineOS is an open source OCPP 2.0.1 Charging Station Management System software stack with modular services for handling charging station communication and CSMS functions.
citrineos/citrineos-core,2026-07-08T17:40:14Z,OCPP > Server,CitrineOS is an open-source OCPP 1.6/2.0.1 charging station management server written in TypeScript with REST API and web-based operator UI.
citrineos/citrineos-ocpi,2026-06-11T17:59:15Z,OCPI > Server,"CitrineOS OCPI provides OCPI 2.2.1 CPO modules for CitrineOS Core, using its GraphQL API and PostgreSQL events to handle partner registration, OCPI endpoints, and data pushes to eMSPs."
codelabsab/ocpp-csms-server,2024-08-29T13:28:27Z,OCPP > Server,Archived OCPP 2.0.1 WebSocket server implementation for CSMS use.
CoderSergiy/ocpp16-go,2022-08-04T17:24:36Z,OCPP > Libraries,Go library implementing OCPP 1.6 JSON communication messages with a small central system example.
codexistente/ocpi-python,2026-07-09T08:14:43Z,OCPI > Libraries,"Python library for implementing the Open Charge Point Interface (OCPI) protocol with FastAPI, supporting OCPI versions 2.1.1, 2.2.1, and 2.3.0."
Codivores/Laravel-OCPI-eMSP,2025-06-27T07:53:38Z,OCPI > Libraries,"Laravel package implementing OCPI 2.1.1 eMSP functionality, including CDRs, commands, credentials, locations, sessions, and versions modules."
connected-hil/ocpp-tools,2026-04-29T06:41:10Z,OCPP > Libraries,"A TypeScript library providing OCPP 1.6J and 2.0.1 message types, RPC utilities, parsers, and schema-based validation."
Coretech-Innovations/EEBus-Hub,2026-04-15T12:06:43Z,Other > EEBUS Simulator,EEBUS Hub is a testing and simulation framework for orchestrating virtual and real EEBUS actors in EV charging and energy-management integration scenarios.
crakashp2905-hub/CyberDeception-EVSE,2026-06-15T07:29:59Z,OCPP > Simulator|Other > Security / Intrusion Detection,Research project providing an OCPP-based EVSE honeypot and machine-learning notebooks for detecting attacks on EV charging infrastructure.
CreasolTech/DomBusEVSE_ha,2023-09-04T20:20:15Z,Other > Home Assistant integration,Home Assistant configuration files for using the DomBusEVSE module to build and control a DIY smart EV wallbox charging station.
cz-lucas/alphatecmini-ocpp,2026-07-08T10:02:22Z,OCPP > Misc,An OCPP v1.6 firmware implementation for ESP32-S3 that wirelessly controls an Alphatec Mini EV wallbox with RFID-based authentication and tariff management.
dalathegreat/Battery-Emulator,2026-07-07T20:56:16Z,Other > Battery Storage,"Battery-Emulator is firmware that enables reused EV battery packs to interface with residential solar inverters, translating battery management protocols to enable stationary home energy storage."
dallmann-consulting/OCPP.Core,2026-06-09T18:14:27Z,OCPP > Server,"OCPP.Core is a .NET OCPP server with a web UI for managing charge points, connectors, RFID tokens, transactions, and supported OCPP messages."
dattaphani899-create/voltgrid,2026-04-20T21:55:05Z,,"Full-stack EV Charge Point Operator platform with OCPP 1.6, Node.js, WebSocket, SQLite and live dashboard"
davbauer/ocpp-manager,2026-01-05T10:40:38Z,OCPP > Server,"OCPP Manager is a web-based OCPP 1.6J charging station management platform for monitoring chargers, managing RFID authorizations, and tracking charging transactions."
DeltaVetal26/SteVe-OCPP-HTTP-Client,2023-10-07T11:04:20Z,OCPP > Misc,A PHP HTTP client that automates SteVe OCPP web interface commands for managing connected charging points.
digitaltwinconsortium/iot-edge-ocpp-central-system,2025-05-09T19:43:42Z,OCPP > Server,Azure IoT Edge Docker module implementing an OCPP 1.5/1.6 Central System server that communicates with charge points and publishes telemetry to MQTT/Azure IoT Hub.
digitaltwinconsortium/OCPP-Charging-Dashboard,2023-06-27T11:20:30Z,OCPP > Misc,Dockerized Azure web dashboard for displaying EV charging station status using the OCPP data model.
DJBenson/GivEVC-OCPPv2,2026-05-05T14:50:52Z,OCPP > Server,"Self-hosted OCPP 1.6J portal that replaces the GivEnergy cloud for managing GivEnergy EV chargers, including live monitoring, charging control, scheduling, RFID management, firmware updates, and API access."
donadelden/EVExchange,2021-11-02T14:44:16Z,iso15118 > Misc,"EVExchange provides tools, scripts, testbed configurations, and countermeasure materials for studying an ISO 15118/V2G EV charging attack."
dreak/ocpp-central-system,2026-06-01T01:28:12Z,OCPP > Server,"OCPP 1.6 central system with a NestJS WebSocket backend and React dashboard for managing EV charge points, transactions, and tags."
dspace-group/dsV2Gshark,2026-07-01T10:45:29Z,iso15118 > Misc,"dsV2Gshark is a Wireshark plugin for decoding and analyzing ISO 15118, DIN 70121, and related V2G communication between EVs and charging stations."
dumanburak/ocpp-client-demo,2025-10-10T11:20:52Z,OCPP > Simulator,A Python asyncio demo OCPP 1.6J charge point client that simulates charging station workflows over WebSocket for testing CSMS implementations.
dzurikmiroslav/esp32-evse,2026-07-04T20:01:17Z,Other > EVSE firmware,"ESP32 EVSE is J1772 charging station firmware with web control, OTA updates, metering, REST, Modbus, scripting, and hardware abstraction."
e-clearing-net/OCHP,2024-05-02T16:33:11Z,Other > Clearing House Protocol,Open Clearing House Protocol is a protocol specification for connecting electric mobility charging infrastructure market actors.
EcoG-io/iso15118,2026-06-25T14:37:44Z,iso15118 > Misc,"Python implementation of the ISO 15118-2, ISO 15118-20, and ISO 15118-8 communication protocols with SECC and EVCC components."
Ecognize/openv2g,2021-01-30T06:44:27Z,iso15118 > Libraries,OpenV2G implements core ISO 15118 and DIN 70121 V2G communication codecs and interfaces for EV charging systems.
elifTech/cpd-ocpp,2022-12-06T21:47:08Z,OCPP > Libraries,"JavaScript library providing an abstraction layer, client/server helpers, and request validation for OCPP 1.6 JSON."
elifTech/ocpp-tester,2019-05-22T06:10:42Z,OCPP > Server,A hosted OCPP dashboard/server endpoint for connecting charging points by charge point ID.
eliodecolli/Medinilla,2026-06-28T21:57:48Z,OCPP > Server,Medinilla is an ASP.NET Core CSMS backend implementing selected OCPP messages for managing EV charging station connections and transactions.
eliodecolli/ocpp-test-cases,2026-03-20T21:14:36Z,OCPP > Misc,"AI-generated test cases for base OCPP 2.0.1 implementations, with scripts and prompts used to extract protocol text and generate additional cases."
elton-saraci/ocpp-central-system,2026-06-04T14:53:39Z,OCPP > Server,"Spring Boot OCPP 1.6 central system for managing EV charge stations over WebSockets with transaction handling, status monitoring, remote commands, and REST APIs."
elton-saraci/ocpp-charge-point-simulator,2025-04-30T17:23:20Z,OCPP > Simulator,A Java Spring Boot OCPP charge point simulator that connects to a configured central system and exposes local API documentation.
elumobility/elu-twins,2024-09-12T21:03:57Z,OCPP > Simulator|OCPP > Server|Other > Vehicle Simulator,"ELU Twins is an e-mobility simulation toolkit for creating virtual OCPP charge points, vehicles, and test CSMS interactions."
elumobility/ocpi-python,2026-06-30T06:48:17Z,OCPI > Libraries,"OCPI Python is a FastAPI and Pydantic v2 implementation of the OCPI protocol supporting versions 2.3.0, 2.2.1, and 2.1.1 for CPO, EMSP, and PTP roles."
Emulate-Energy/EDAP,2026-06-17T13:37:55Z,OCPP > Misc|Other,EDAP is a Python library and example gateway for implementing cloud access and low-latency control of energy devices using the Energy Device Aggregation Protocol.
enbility/cemd,2024-06-29T14:30:56Z,Other > EEBUS energy management,cemd is a deprecated Go EEBUS Central Energy Manager implementation for home energy management and EV charging use cases.
enbility/eebus-go,2026-07-08T12:31:15Z,Other > Libraries,"A Go library implementing the EEBUS protocol stack for energy management and EV charging applications, with SHIP/SPINE support, certificate handling, mDNS, and device pairing."
endland/sniffer-iso15118vse,2019-11-04T10:01:46Z,iso15118 > Misc,A modified Wireshark dissector for inspecting ISO 15118-8 vendor-specific elements in Wi-Fi management frames used by EVCC and SECC during wireless EV charging association.
energychain/corrently-charge,2024-01-10T04:23:26Z,OCPP > Misc,"Corrently Charge is a Node.js tariff evaluation module that selects EV charging tariffs based on charging goals, time, and energy mix and applies them through a scheduler connection to a CPO backend via OCPP."
energywebfoundation/ocn-bridge,2022-04-07T02:09:37Z,OCPI > Server,OCN Bridge is a TypeScript/JavaScript OCPI bridge that connects pluggable CPO or EMSP backoffice APIs to an Open Charging Network node and registry.
energywebfoundation/ocn-node,2024-12-23T22:47:30Z,OCPI > Server,Open Charging Network Node is a Kotlin/JVM server that brokers OCPI 2.2 eRoaming requests between EV charging platforms in the decentralized OCN network.
energywebfoundation/ocn-registry,2022-06-13T11:10:56Z,OCPI > Misc|Other > Blockchain registry,"Ethereum smart contracts for registering Open Charging Network nodes, OCPI parties, and service permissions."
energywebfoundation/ocn-tools,2022-04-26T11:36:17Z,OCPI > Simulator,Open Charging Network Tools provides mock OCPI MSP and CPO servers for developing and registering OCN-based applications.
erik73/app-steve,2026-07-08T19:15:51Z,OCPP > Server,Home Assistant add-on that packages the SteVe OCPP server for managing EV charge point communications.
esiebert/v16-fcs,2025-06-23T14:15:39Z,OCPP > Simulator,Fake Charging Station is a Python OCPP 1.6 charging station simulator with an API for controlling charger behavior and testing CSMS edge cases.
ev-map/EVMap,2026-06-30T12:08:18Z,Other > Charging station finder,"EVMap is an Android app for finding EV charging stations using GoingElectric.de and OpenChargeMap data, with maps, filtering, availability, favorites, and Android Auto/Automotive support."
eva-sean/oye-proxy,2026-02-06T13:36:14Z,OCPP > Server|OCPP > Misc,"OYE OCPP Proxy is a Node.js OCPP proxy that sits between EVSE chargers and a CSMS to monitor, log, inject commands, and optionally provide basic standalone charging control."
evbox/station-simulator,2024-02-27T13:48:08Z,OCPP > Simulator,OCPP Station Simulator is a Java tool and library for simulating OCPP charging stations that connect to a CSMS over WebSocket.
evcc-io/evcc,2026-07-09T08:37:08Z,OCPP > Server,"evcc is an open-source EV charge controller supporting OCPP and multiple integration protocols for solar-optimized, cloud-free home charging management."
EVerest/EVerest,2026-07-09T08:33:30Z,OCPP > Misc|iso15118 > Misc,"EVerest is an open-source modular framework for building EV charging station software with support for OCPP, ISO 15118, hardware drivers, and energy management."
EVerest/EVerest-archived,2026-03-16T11:19:30Z,Other,Archived repository whose content has moved to the main EVerest repository.
EVerest/everest-framework,2025-12-04T16:05:14Z,Other,"EVerest Framework manages module dependencies, validates module configuration against manifests, and launches EV charging system modules that communicate over a wrapped MQTT protocol."
EVerest/libiso15118,2026-02-17T06:30:14Z,iso15118 > Libraries,"C++ library suite implementing ISO 15118-20 communication for EV charging, with ISO 15118-2 and DIN 70121 support planned through related EVerest modules."
EVerest/libocpp,2026-04-27T14:48:20Z,OCPP > Libraries,"libocpp is an archived C++ library implementing OCPP 1.6, 2.0.1, and 2.1 for integration with charging station firmware."
eveys-mobility/Console,2026-07-03T16:39:43Z,OCPP > Console,"eveys-console is a protected operator web console for inspecting, diagnosing, and controlling OCPP chargers through an existing OCPP gateway using Kafka-backed live updates and REST mutations."
eveys-mobility/OCPP,2026-07-03T16:39:23Z,OCPP > Server,"Python OCPP CSMS gateway for Eveys that manages charger WebSocket connections and exposes REST, gRPC, Kafka events, webhooks, metrics, and storage integrations."
eveys-mobility/Simulator,2026-07-01T06:23:25Z,OCPP > Simulator,"cOCPP Charge-Point Simulator simulates one or many OCPP 1.6 charging stations via a web UI to test, debug, load-test, and validate CSMS back-office behavior."
evlinked/ocpi-rs,2026-07-09T01:20:10Z,OCPI > Libraries,"A production-grade Rust library implementing the OCPI protocol with typed models, async HTTP client, and server handler traits supporting all OCPI versions for EV charging roaming."
evlinked/ocpp-rs,2026-07-07T07:29:16Z,OCPP > Libraries,"A Rust library providing production-grade OCPP 1.6J and 2.0.1 implementation with integrated CSMS server, charge point simulator, and conformance tests."
evorada/browser-ocpp-client,2022-04-15T11:08:08Z,OCPP > Libraries,Browser-compatible TypeScript client library for implementing OCPP 1.6 charge point communication over WebSocket.
evorada/ocpi-types,2026-06-10T09:28:30Z,OCPI > Libraries,"ocpi-types provides auto-generated OCPI protocol type definitions for Go, Python, Rust, and TypeScript across multiple OCPI versions."
EVtivity/evtivity-csms,2026-06-25T07:03:33Z,OCPP > Server|OCPI > Server|iso15118 > Plug&Charge,"EVtivity CSMS is a TypeScript charging station management system that manages EV charging infrastructure through OCPP 1.6/2.1 station communication, OCPI roaming, ISO 15118 Plug and Charge, REST APIs, and operator/driver web frontends."
EVtivity/evtivity-csms-helm,2026-06-20T16:49:10Z,OCPP > Server|OCPI > Server,"Helm chart for deploying the EVtivity CSMS, including OCPP and OCPI services, on Kubernetes."
EVtivity/evtivity-mobile-app,2026-06-20T16:13:49Z,OCPP > Misc|Other,Native iOS and Android driver app for the EVtivity EV charging platform that connects to its REST API for branded driver portal functionality.
extrawest/BDD-Charge-Point-Tester-via-OCPP-J-,2023-03-17T11:53:57Z,OCPP > Simulator,Java/Spring Boot Cucumber-based OCPP 1.6J simulator and BDD test tool for exercising charge point and central system message flows.
extrawest/bdd_ocpi_2.2.1_emsp,2023-12-06T14:53:08Z,OCPI > Simulator,A Cucumber-based BDD test suite that simulates OCPI 2.2.1 CPO requests to verify eMSP server protocol compliance.
extrawest/Charge-Point-Simulator-via-OCPP-2.0.1,2023-03-07T11:48:16Z,OCPP > Simulator,A Java Dockerized simulator that emulates multiple OCPP 2.0.1 charge points over WebSocket for testing and load testing central systems.
extrawest/Extrawest-OCPI-2.2.1-CPO-Client,2023-11-23T11:33:33Z,OCPI > Libraries,Java client library generated from OpenAPI for calling an OCPI 2.2.1 CPO Server API.
extrawest/Extrawest-OCPI-2.2.1-CPO-Server,2024-03-11T12:29:30Z,OCPI > Libraries,"Java library for implementing an OCPI 2.2.1 Charging Point Operator server using reusable models, interfaces, controllers, and APIs."
extrawest/Extrawest-OCPI-2.2.1-EMSP-Client,2023-12-06T11:11:26Z,OCPI > Libraries,Java client library generated from OpenAPI for calling an OCPI 2.2.1 eMSP server API.
extrawest/Extrawest-OCPI-2.2.1-EMSP-Server,2024-02-29T21:54:51Z,OCPI > Libraries,"Java library for implementing an eMSP OCPI 2.2.1 server using reusable models, controllers, and related components."
extrawest/extrawest_ocpi,2025-07-16T06:34:43Z,OCPI > Libraries,Extrawest OCPI is a FastAPI-based Python implementation of the OCPI protocol supporting versions 2.2.1 and 2.1.1.
extrawest/ocpp-node-ts,2023-09-14T06:54:42Z,OCPP > Libraries,TypeScript library implementing OCPP 2.0.1 JSON client and central system communication over WebSockets.
fabyr/ocpp-sharp,2026-06-13T18:51:00Z,OCPP > Libraries,"ocpp-sharp is a C#/.NET library for implementing OCPP 1.6 and 2.0.1 message handling, server setup, and example client/server communication."
flashg1/evSolarCharger,2026-02-11T03:33:12Z,OCPP > Misc|Other > Home Assistant automation,"Home Assistant blueprint that controls EV charging via OCPP and EV-specific APIs to use surplus solar energy, schedules, and weather forecasts."
flashg1/SolarCharger,2026-07-09T08:33:03Z,Other > Integration,Home Assistant custom integration that optimizes electric vehicle charging based on available surplus solar energy.
FlipSoftware/moovolt-csms,2025-11-04T23:03:18Z,OCPP > Server,Moov.olt is a Rust-based OCPP central system for managing EV chargers through a charging point service and a management server connected via AMQP.
FlipSoftware/moovolt-mvp,2024-09-19T22:38:30Z,OCPP > Server,"MOOV.OLT is an OCPP-based CSMS with a charge point service for WebSocket communication with physical chargers and a management system for permissions, charging control, and payments over AMQP."
flowionab/ocpp-charge-point,2024-08-02T10:30:49Z,OCPP > Libraries,Rust library for building OCPP 1.6 and 2.0.1 compliant EV charge points and managing communication with central systems.
flowionab/ocpp-client,2026-02-17T14:30:10Z,OCPP > Libraries,ocpp-client is a Rust library for implementing OCPP 1.6 and 2.0.1 client communication with CSMS servers.
flowionab/ocpp-csms-server,2026-01-30T13:21:08Z,OCPP > Server,OCPP CSMS Server is a Rust-based central system for managing EV charge points over OCPP 1.6 and 2.0.1 with WebSocket communication and authentication.
FlUxIuS/V2GInjector,2024-12-19T10:09:03Z,iso15118 > Misc|Other > Security testing,"V2GInjector is a tool for capturing, decoding, and injecting V2G packets on HomePlug Green PHY powerline networks used between electric vehicles and charging stations."
fneum/ev_chargingcoordination2017,2018-06-09T19:27:43Z,Other > Optimization,A research codebase for robust cost-minimizing day-ahead scheduling of residential electric vehicle charging in low-voltage distribution networks under uncertainty.
formidablae/EV_Route_Planner,2024-04-08T13:30:14Z,Other > Route planner,"A Vue.js web app that plans electric vehicle routes with charging-station stops based on vehicle range, departure, and destination using OpenChargeMap and OpenStreetMap data."
foxriver76/ioBroker.ocpp,2023-02-09T23:14:06Z,OCPP > Server,ioBroker.ocpp is an ioBroker adapter for connecting and controlling OCPP 1.6-compatible wallboxes.
GeiserX/Pumperly,2026-07-06T12:03:28Z,Other > Route planning,Pumperly is a self-hostable route planner that maps fuel stations and EV chargers along routes using real-time price and charging-station data.
gennadiygnezdilov/ocpp-1.6J-example-request-response,2024-08-08T07:03:25Z,OCPP > Misc,Example OCPP 1.6J JSON request and response messages for implementing charging station to server communication.
gennadiygnezdilov/php-ocpp-1.6J,2024-08-09T04:54:10Z,OCPP > Server,A PHP WebSocket server script for handling OCPP 1.6J communication with EV charging stations using Ratchet and MySQL.
geraldkombo/albedo,2026-03-21T16:18:17Z,Other > Carbon accounting,"ALBEDO is a Laravel carbon accounting platform that calculates, aggregates, and prepares registration documents for emission reductions from Kenyan e-mobility fleets."
gerritnowald/electric-car-tools,2026-06-25T09:38:39Z,Other > Cost and travel estimation,Electric car tools provides Tkinter/matplotlib and HTML/JavaScript calculators for estimating EV travel time with DC charging and comparing annual EV versus combustion vehicle operating costs.
gertjana/ocpp-backend,2025-11-11T15:44:05Z,OCPP > Server,"An Elixir/Cowboy backend server for OCPP 1.6 charge point operations with limited OCPP 2.0 heartbeat support, a dashboard, and an API for sending charger commands."
ges0909/ocpp-charge-point-simulator-dashboard,2024-11-03T21:13:20Z,OCPP > Simulator,"A Deno, Vue, and Vuetify dashboard project for simulating an OCPP charge point."
gio-del/eMall,2023-06-06T18:21:04Z,OCPP > Server|Other,"eMall is a JavaScript web application for EV drivers and charging point operators to find, book, monitor, and manage charging points, including OCPP communication with chargers."
GLCharge/ocpi,2024-04-19T12:27:31Z,OCPI > Libraries,Go client libraries generated from OpenAPI specifications for interacting with OCPI protocol APIs.
GLCharge/oicp-client-go,2024-04-19T12:28:15Z,OICP > Libraries,Go client libraries/SDK generated from OpenAPI specifications for the Open Intercharge Protocol.
glurp/avere-advenir-json-generator,2018-06-14T13:36:07Z,OCPP > Misc,A Ruby script that generates charging curve and charging session data from OCPP 1.5 JSON logs and sends it to advenir.mobi over HTTPS.
glurp/dynamicReverseProxy,2021-09-09T15:55:33Z,,Exemple of a solution for dynamic Http/WS reverse proxy with nginx and /etc/hosts manipulation
glurp/ocpp_simulator,2018-06-26T20:15:44Z,OCPP > Simulator,"ocpp_simulator is a Ruby gem for simulating OCPP charge points, central-system commands, and fleets using SOAP XML templates."
GreenCharge/gcsimulator,2022-02-10T13:06:10Z,Other > Smart-energy simulation,GreenCharge Simulator is a containerized discrete-event simulation platform for modeling smart energy neighborhoods and integrating energy management schedulers.
gregszalay/ocpp-charging-station,2022-10-14T14:43:31Z,,Charging Station firmware for electric vehicles - OCPP 2.0.1. compliant
gregszalay/ocpp-csms,2023-02-11T12:14:27Z,OCPP > Server,"A microservice-based OCPP 2.0.1 charging station management system with WebSocket communication, selected OCPP message handling, REST management APIs, and GCP Pub/Sub/Firestore integration."
gregszalay/ocpp-csms-common-types,2022-10-14T16:08:15Z,OCPP > Libraries,Common type definitions for a custom OCPP-based Charging Station Management System.
gregszalay/ocpp-csms-frontend,2022-10-10T20:50:00Z,OCPP > Server,A frontend for an OCPP charging station management system currently under development.
gregszalay/ocpp-messages-go,2024-10-13T22:41:27Z,OCPP > Libraries,Go data types for OCPP 2.0.1 message wrappers and payloads generated from JSON schemas.
gtfs4ev/gtfs4ev,2026-06-24T13:52:04Z,Other > Electric bus planning and charging simulation,"GTFS4EV is a Python library and CLI for simulating electric bus fleet operations, charging demand, infrastructure needs, and impacts from GTFS transit data."
h-waldschmidt/olsp,2024-03-20T15:18:36Z,Other > Charging station placement optimization,OLSP is a C++ benchmark tool for optimizing electric-vehicle charging station placement on road graphs using hierarchical hub labeling.
Hamza-nabil/ocpi-tariffs-py,2026-01-12T19:18:12Z,OCPI > Libraries,"Python library for calculating and validating OCPI 2.2.1 EV charging tariffs against CDRs, including tariff dimensions, restrictions, time zones, and step-size rounding."
hlsxx/ocpp-charge-point-simulator,2026-05-22T19:46:10Z,OCPP > Simulator,A Rust CLI simulator for testing OCPP 1.6 backends by emulating configurable charge points in automated or idle modes.
hpxix/Aviator-Beta,2024-11-28T18:01:30Z,OCPP > Server,"Aviator is a TypeScript/Node.js server runtime for managing EV charging infrastructure with OCPP 2.0.1 message routing, validation, and modular endpoints."
hsperker/conversational-websocket-server,2018-02-08T21:11:51Z,OCPP > Misc,A Spring Boot JSR-356 WebSocket server with a command-line shell for listing connected clients and sending broadcast or unicast messages.
hubject/oicp,2026-06-17T14:43:19Z,OICP > Misc,"Repository containing the open-source Open InterCharge Protocol (OICP) specifications, release documents, and related Hubject policy information."
hubject/opcp,2026-04-02T11:02:45Z,iso15118 > Plug&Charge,"Open Plug&Charge Protocol is an open protocol specification for creating, transferring, signing, and interoperating Plug&Charge certificate and contract information based on ISO 15118."
hyndex/node-ocpi,2023-12-26T22:19:09Z,OCPI > Libraries,node-ocpi is a Node.js library providing OCPI data models and validation utilities for EV charging applications.
hyndex/OCPIPyBridge,2023-12-26T22:31:13Z,OCPI > Libraries,OCPIPyBridge is a Python library providing Pydantic models and validation for OCPI entities used in EV charging applications.
iclay/ocpp,2022-06-23T02:04:46Z,OCPP > Libraries,Go network communication library implementing OCPP 1.6 for charger-to-central-system communication with plugin-based active and passive handlers.
IdahoLabUnsupported/OCPP-2.0.1-Interim-KPI-Calculator,2026-06-18T20:07:22Z,OCPP > Misc,"An archived toolchain parses OCPP 2.0.1 logs, splits them by device, extracts message fields, and calculates aggregate Interim KPIs."
IHomer/scala-ocpp,2024-05-27T11:35:55Z,OCPP > Libraries,"Scala libraries implementing OCPP message models, JSON serialization, and OCPP-J RPC connections for charge point and central system communication."
iobroker-community-adapters/ioBroker.kecontact,2026-07-01T17:51:59Z,Other > Home automation adapter,"ioBroker.kecontact is an ioBroker adapter that monitors and controls KEBA KeContact P20/P30 and BMW i wallboxes over their UDP protocol, including PV-surplus charging automation."
IZIVIA/ocpi-toolkit,2026-05-12T19:27:22Z,OCPI > Libraries,"Kotlin toolkit for implementing OCPI 2.2.1 business logic, validation, DTOs, and client/server modules independent of transport and persistence."
IZIVIA/ocpp-toolkit,2026-07-07T08:37:57Z,OCPP > Libraries,"A Kotlin library providing OCPP protocol implementation for both Charging Station and CSMS roles, supporting versions 1.5, 1.6, and 2.0.1 with WS/JSON and SOAP transport."
jacoscaz/typed-ocpp,2026-07-08T09:40:59Z,OCPP > Libraries,"A TypeScript library for type-aware validation of OCPP 1.6, 2.0, and 2.1 messages against official JSON schemas."
jagwarthegreat/EVerythingcharge,2024-03-21T19:16:59Z,OCPP > Server,"OCPP management system for CPOs that manages OCPP 1.6 and 2.0.1 charge point connections through scalable API, worker, RabbitMQ, and PostgreSQL services."
JavaIsJavaScript/OCPP-1.6-CP-Simulator,2019-01-18T10:21:30Z,OCPP > Simulator,Node.js command-line simulator for testing OCPP 1.6 charge point and central system message flows.
JavaIsJavaScript/OCPP-2.0-CP-Simulator,2024-01-02T15:35:28Z,OCPP > Simulator,A simple OCPP 2.0 charge point simulator for connecting a registered charge point to a configured endpoint.
JavaIsJavaScript/OCPP-J-CP-Simulator,2018-05-14T11:36:06Z,OCPP > Simulator,OCPP-J-CP-Simulator is a simple charge point simulator for registering and testing against an OCPP 1.6 endpoint.
javierojan/askacharge-python,2026-07-05T09:41:12Z,OCPP > Libraries|OCPI > Libraries,"Python SDK for the askacharge.com EV charging platform API, providing access to chargers, charging sessions, and signed webhook verification for an OCPP/OCPI-based CSMS."
Jaypatelbond/ocpp-kotlin,2026-06-01T06:50:20Z,OCPP > Libraries,OCPP Kotlin is a Kotlin/Android client library for implementing OCPP 1.6 and 2.0.1 communication in EV charging station applications.
JFK344/ioBroker.evsewifi,2023-11-18T15:23:52Z,Other > Smart Home Integration,ioBroker.evsewifi is an ioBroker adapter that reads and controls data for EVSE-WiFi/SimpleEVSE wallboxes in smart home setups.
jimmyjoseph-web3/ChargeFrog-Hedera,2026-03-23T15:04:37Z,OCPP > Misc|Other,"ChargeFrog is a Hedera-based platform for proposing, funding, tokenizing, deploying, using, and auditing community-owned EV charging stations with on-chain carbon impact tracking."
JoaoPedroBelo/bmw-wallbox-ha,2026-07-02T22:13:46Z,OCPP > Misc,Home Assistant custom integration for locally monitoring and controlling BMW Wallbox chargers over OCPP 2.0.1 with WSS.
joeky888/exi-go,2026-01-11T23:37:10Z,iso15118 > Libraries,"Pure Go EXI encoder/decoder library for ISO 15118-20 messages, with C and Python bindings."
JohnApollos/boda-emobility-viability-engine,2026-07-07T08:51:20Z,Other > Analytics,A Streamlit-based data analytics and spatial optimization platform for modeling battery swap network expansion and credit default risk assessment in Kenya's electric motorcycle sector.
JohnMaddison/ocpp-go,2026-07-03T11:52:00Z,OCPP > Libraries,"ocpp-go is a Go library for building OCPP 1.6 and 2.1 JSON charge point clients and central systems with typed messages, WebSocket transport, routing, and request/response helpers."
joulo-nl/joulo-ocpp-proxy,2026-07-08T21:14:54Z,OCPP > Misc,An OCPP WebSocket proxy service that routes charger connections to a primary CSMS and optionally mirrors traffic to secondary backends for monitoring and migration.
juherr/evolve,2025-12-08T13:15:35Z,,EVolve - OCPP server implementation in Java
juherr/mobilityid,2026-07-04T11:59:50Z,Other > Mobility identifiers,A multi-language monorepo providing libraries for parsing and handling EV mobility identifiers.
juherr/ocpi-fyi,2026-03-27T04:11:36Z,OCPI > Misc,"ocpi.fyi is an unofficial multi-version Antora documentation site that mirrors OCPI specification releases and publishes versioned docs, API references, search, and catalogs."
juherr/open-idro-directory,2026-07-08T20:59:58Z,Other > Registry,"An open-source directory service that aggregates, validates, and publishes e-mobility identifiers from official national and regional IDRO registries via API."
JustChr/HAgoe_steve,2026-07-07T08:28:36Z,Other > Integration,"Home Assistant integration providing smart-charging orchestration for go-e wallboxes by coordinating with SteVe (OCPP) backend and optimizing based on solar production, electricity prices, and home battery state."
kamwro/emobility-backend-app,2026-02-27T18:37:17Z,Other > Backend,"A NestJS and PostgreSQL backend application for managing e-mobility data, including charging station types and charging stations."
kelseymok/ocpi-implementation,2023-03-23T09:56:40Z,OCPI > Server|OCPP > Simulator,"A proof-of-concept OCPI CDR implementation that simulates OCPP events, processes them through Kafka consumers, stores OCPI-related data in DynamoDB, and exposes CDRs through an API."
kiranj26/evse-fault-injector,2024-12-16T04:05:06Z,OCPP > Simulator|iso15118 > Misc,"EVSE Fault Injector is a C++ tool for simulating faults and testing EV charger behavior and protocol robustness with OCPP, ISO 15118, and real or simulated EVSE setups."
kiranj26/MicroOCPP-on-STM32F4,2025-01-27T00:58:23Z,OCPP > Libraries|OCPP > Misc,Embedded STM32F4 EVSE firmware integrating MicroOCPP with secure networking to provide OCPP 1.6 support for EV chargers.
knudmoeller/berlin-charging-stations,2020-06-15T18:36:40Z,Other > Open Data,A Ruby/Makefile tool that downloads Berlin EV charging station data from a WFS GML source and converts it to CSV.
Ko1103/ocpi-mcp-server,2025-10-28T09:57:03Z,OCPI > Misc,A Node.js MCP server that exposes OCPI documentation for use in tools such as Cursor.
kraftvaerk/OCPI,2022-12-08T05:38:50Z,OCPI > Libraries,C# reference framework for OCPI 2.1.1 DTOs and protocol interfaces.
kubarskii/OCPP-J-CP-Simulator,2020-04-08T21:24:11Z,OCPP > Simulator,A simple charge point simulator for OCPP 1.6 with basic core features and a prototype UI.
kwtycoon/kilowatt-tycoon,2026-03-11T11:22:02Z,OCPP > Simulator|OCPI > Simulator|Other > OpenADR simulator,"Kilowatt Tycoon is a Rust/Bevy tycoon game and EV charging network simulator that models CPO operations and emits OCPP, OCPI, and OpenADR datasets."
lachand/EV_charger,2026-07-04T14:50:49Z,Other > Home Assistant integration,"Home Assistant integration for controlling Tuya EV chargers locally over LAN with TinyTuya, including charge control and surplus solar charging modes."
Lamerat/OCPP-Charge-Point-Simulator,2025-01-29T15:51:58Z,OCPP > Simulator,OCPP JSON 1.6 charge point simulator implementing common charge point and central system operations.
LastProject-ESIEE/OCPPConfigurationServer,2025-07-28T18:12:08Z,OCPP > Server,A Java web application for configuring and updating EV charge points using OCPP 1.6J.
lbbrhzn/ocpp,2026-06-25T15:52:22Z,OCPP > Misc,"Home Assistant integration for monitoring and controlling EV chargers that communicate via OCPP 1.6j, 2.0.1, and experimental 2.1."
leeyuentuen/alfen_wallbox,2026-04-11T20:05:16Z,Other,A Home Assistant custom integration for monitoring and controlling Alfen wallboxes.
leonard-voss/nocpp,2025-01-22T10:38:29Z,OCPP > Misc,"NOCPP is a Python prototype for targeted OCPP 1.6-J penetration testing of charging stations, including fuzzing scenarios, information gathering, and PDF result export."
lex/evse-id-generator,2026-04-23T21:44:31Z,OCPP > Misc|iso15118 > Misc,"A static web tool that generates, validates, parses, and exports EVSE identifiers for ISO 15118 and OCPP 2.0.1 charging infrastructure."
Llocer/llocer_cso,2022-05-01T11:36:27Z,OCPP > Server|OCPI > Server,llocer_cso is a Charging Station Management System and CPO/CSO implementation that manages EVSEs via OCPP and optionally connects to eMSPs via OCPI.
Llocer/llocer_ev_examples,2022-07-16T10:17:24Z,OCPP > Server|OCPP > Simulator|OCPI > Server,openEV examples provides sample OCPP server and client simulator code plus OCPI node implementations for credentials and locations modules.
Llocer/llocer_ocpi,2024-09-29T10:00:34Z,OCPI > Libraries,"llocer_ocpi is an open-source library for implementing OCPI 2.2.1 nodes with HTTP servlet handling, request building, and sender/receiver interfaces."
Llocer/llocer_ocpi_json,2024-11-13T18:02:15Z,OCPI > Libraries,Provides JSON schemas for OCPI 2.2.1 messages and Maven configuration to generate Java POJOs from them.
Llocer/llocer_ocpp,2022-04-18T12:08:01Z,OCPP > Libraries,openEV llocer_ocpp is a base library for implementing an OCPP 2.0.1 server.
Llocer/llocer_ocpp_json,2022-04-22T08:39:31Z,OCPP > Libraries,"JSON schemas for OCPP 2.0.1 messages, with Maven support for generating Java POJOs."
loafoe/go-occp-server,2026-05-19T10:06:15Z,OCPP > Server,"Go OCPP 1.6-J central system server for connecting to EV chargers, authenticating charge points, monitoring status and meter values, and issuing remote control commands through an HTTP API."
lorenzodonini/ocpp-go,2025-08-24T19:28:07Z,OCPP > Libraries,"Go library for implementing OCPP-J central systems and charge point clients with support for OCPP 1.6, 1.6 Security, and 2.0.1."
LuRSousa/ChargeGrid-Intelligence,2026-07-03T18:30:12Z,OCPP > Simulator,"ChargeGrid Intelligence is a browser-based proof-of-concept EV charging management simulator with dynamic load balancing, OCPP event logging, dynamic pricing, and solar-aware charging decisions."
m-villalilla/VirtualChargePoint,2018-07-14T11:19:00Z,OCPP > Simulator,VirtualChargePoint is a GUI and API-based OCPP charge point simulator for testing OCPP server software.
M4GNV5/charging-infrastructure-review-paper,2025-11-30T19:37:12Z,Other,A SECURWARE 2024 review paper on fast charging communication technologies and cybersecurity for EV charging.
majbthrd/V2Gredux,2025-11-24T20:29:59Z,iso15118 > Misc,"ISO 15118-2 EVSE emulator that implements SDP and ISO 15118-2 communication for testing against an electric vehicle, using OpenV2G."
Majkel-code/GE_EvChargingStation,2025-06-05T17:36:55Z,Other,GE_EvChargingStation is a FastAPI-based charger and vehicle simulator for running configurable EV charging sessions with logging and optional Electron monitoring.
MarekPokornyOva/EvChargerSimulator,2025-05-06T18:49:59Z,OCPP > Simulator,Browser-hosted EV charger simulator that communicates with OCPP 1.6J.
markrpo/ocppws,2025-09-01T02:21:12Z,OCPP > Server|OCPP > Libraries,C++ implementation of an OCPP server over WebSockets with support for core charge point messages.
matth-x/MicroOcpp,2025-12-04T00:26:58Z,OCPP > Libraries|Eichrecht > Misc,MicroOCPP is a portable C/C++ OCPP 1.6 and 2.0.1 client library for integrating microcontroller-based EV chargers with OCPP central systems.
matth-x/MicroOcppSimulator,2025-07-26T12:26:09Z,OCPP > Simulator,MicroOcppSimulator is a GUI-based simulator and demo application that runs the MicroOCPP client on a host computer and connects to an OCPP server to simulate charging sessions and actions.
Matthias-H-Git/European-Energy-Market-Analysis,2026-07-03T07:54:56Z,Other > Energy market analysis,"A data analytics project that examines relationships between European electricity markets, renewable generation, EV and heat pump adoption, and electricity price trends using public ENTSO-E and EUROSTAT data."
michael-adler/ha-ocpp-relay,2026-07-04T16:05:40Z,OCPP > Relay,Home Assistant integration and CLI tools that relay OCPP traffic between an EV charger and CPMS while exposing monitored messages as energy sensors.
Michito49/evcc,2026-07-09T07:38:46Z,Other > Platform,evcc is a locally-deployed extensible charge controller and energy management system for coordinating EV charging with renewable energy and home systems.
mikuso/ocpp-rpc,2026-05-11T14:23:40Z,OCPP > Libraries,OCPP-RPC is a Node.js client and server library for OCPP-J RPC communication over WebSockets.
mjasinskee/emob-ocpp-slides,2022-12-07T17:38:47Z,OCPP > Misc,A reveal.js presentation explaining how to model an OCPP charging station as an actor system.
mnh-jansson/open-battery-information,2026-05-14T18:40:13Z,Other,Open Battery Information provides Arduino and Python/Windows tools and battery data to help inspect and repair locked battery management systems.
mobilityhouse/ocpp,2026-06-04T17:43:10Z,OCPP > Libraries,Python library implementing JSON-based OCPP 1.6 and 2.0.1 for building OCPP clients and servers.
mohsinali33226/Hamburg-fast-charging-gap-map,2026-07-08T19:42:54Z,Other > Site Assessment,A GIS-based site assessment case study identifying underserved public fast-charging infrastructure gaps around Hamburg for CPO expansion planning.
monta-app/library-ocpp,2026-07-08T03:32:08Z,OCPP > Libraries,"A Kotlin library for implementing OCPP protocol message handling with support for OCPP 1.6 and 2.0.1, providing synchronous and asynchronous interfaces for charge points and servers."
monta-app/ocpp-emulator,2026-07-08T16:55:08Z,OCPP > Simulator,"A desktop GUI emulator for OCPP 1.6 and 2.0.1 charge points built with Kotlin Multiplatform, enabling message interception and testing capabilities."
morosanag/OCPP-Project,2017-03-19T18:55:12Z,OCPP > Server,"OCPP-Project is a management system for EV charging stations with WebSocket and SOAP interfaces, business logic, and database persistence for administrator control."
MostafaMoradii/eveys-console,2026-05-14T20:38:08Z,OCPP > Misc,"eveys-console is a sign-in protected web administration console for operating and inspecting an OCPP gateway through its existing Kafka, REST, and WebSocket interfaces."
motown-io/motown,2019-02-01T10:46:16Z,Other,Motown is an Apache-licensed platform for supporting and managing electric vehicle charging infrastructure.
mrbig/ocpi-protocol,2026-06-09T20:52:41Z,OCPI > Libraries,"PHP library providing OCPI 2.2.1 request/response classes, models, factories, errors, and client helpers for eMSP and CPO integrations using PSR-compatible HTTP interfaces."
mschmitt/shocpp,2025-12-06T09:57:22Z,OCPP > Server,shocpp is a Bash-based rudimentary OCPP 1.6 service for a personal wallbox that handles RFID and remote-start charging sessions and records per-account energy consumption.
MTES-MCT/ocpi-playground,2026-03-27T00:55:12Z,OCPI > Server,OCPI Playground is a Docker-based demonstration stack for testing OCPI server topologies and OCPI-related services.
MTES-MCT/qualicharge,2026-07-09T08:11:15Z,Other > Monitoring,QualiCharge collects and analyzes EV charging station supervision data to monitor and improve service quality.
MuhammedAlmaz/ma-ocpp-simulator,2024-05-09T05:10:05Z,OCPP > Simulator,A web-based OCPP 1.6 charge point simulator for testing EV charging back-end applications.
mysmartlife-helsinki/ev-charging,2019-06-01T14:42:12Z,OCPP > Misc,"This repository is an EV charging-related project tagged with OCPP, ECU, and VCCU, but its README does not document specific functionality."
Namoshek/OpenChargeMeteringFormat,2025-01-20T05:07:55Z,Eichrecht > OCMF|Other,A .NET library for parsing OCMF messages and verifying their signatures.
niklam/ocpi-types,2025-06-18T14:09:44Z,OCPI > Libraries,TypeScript DTOs and enums for implementing and validating OCPI 2.2.1 data models in EV charging applications.
node-ocpp/core,2023-09-25T15:35:57Z,OCPP > Libraries,"A Node.js library for implementing an OCPP Central System over JSON/WebSocket with handlers, outbound messaging, and OCPP 1.6 Core type definitions."
NOWUM/pyOCPI,2025-03-19T08:13:25Z,OCPI > Libraries,"pyOCPI is a Python Flask-RESTX package that provides OCPI 2.2 REST endpoint definitions, schemas, OpenAPI support, and manager interfaces for integrating OCPI business logic."
nvdungx/ISO15118_3_TestEnv,2024-06-03T03:10:15Z,iso15118 > Misc,ISO15118_3_TestEnv is a C++ conformance test environment for the ISO 15118-3 HPGP powerline and data link layers on Raspberry Pi.
ocpi/ocpi,2026-06-22T15:08:22Z,OCPI > Misc,This repository contains the OCPI specification for automated EV charging roaming between charge point operators and e-mobility service providers.
ocpi/ocpi-tool,2026-06-26T22:31:20Z,OCPI > Misc,ocpi-tool is a CLI tool for exporting and privacy-filtering data from OCPI platforms for downstream ETL workflows.
ocpi/openapi-specification,2026-05-13T07:27:42Z,Other > API Specification,This project provides an OpenAPI specification for EV charging-related APIs.
ocpp-balanz/balanz,2025-07-01T17:45:59Z,OCPP > Server,Balanz is a CSMS or local controller OCPP server with smart charging capabilities.
ocpp-balanz/balanz-ui,2026-04-15T08:10:54Z,OCPP > Server UI,"Balanz UI is a React/TypeScript web interface for managing balanz OCPP server entities, monitoring live charging status, and viewing historic charging sessions."
ocpp-balanz/ocpp-2w-proxy,2026-02-22T20:15:10Z,OCPP > Server,ocpp-2w-proxy is a Python OCPP proxy that forwards charger traffic between one or more chargers and two central management systems with primary/secondary routing rules.
ocpp-balanz/ocppsim,2025-06-16T20:10:59Z,OCPP > Simulator,OCPP v1.6 charge point simulator for testing central systems via WebSocket control and scripted charger behavior.
ocpp-debugkit/ocpp-debugkit,2026-07-09T07:58:31Z,OCPP > Misc,"An open-source developer toolkit for analyzing and debugging OCPP charging session traces with failure detection, replay engine, and report generation."
oglimmer/scriptable-ocpp-chargepoint-simulator,2023-05-16T11:41:30Z,OCPP > Simulator,"Scriptable Node.js simulator for OCPP 1.6J charge points with REST and web frontends, batch scripting, and WebSocket client/server support."
olisystems/ocn-node-v2,2026-07-07T11:38:38Z,OCPI > Server,An OCPI v2.2 server implementation that acts as a decentralized eRoaming hub for brokering peer-to-peer EV charging requests between registered platforms.
olisystems/ocn-registry-v2.0,2026-04-22T21:09:43Z,OCPI > Misc,"Ethereum-based smart contracts and a CLI for registering OCN node operators, OCPI parties, service providers, certificates, and oracles on the Open Charging Network."
OPCFoundation/UA-EdgeTranslator,2026-07-07T18:26:54Z,Other,An industrial edge gateway application that translates from proprietary protocols (including OCPP) to OPC UA using W3C Web of Things thing descriptions.
open-ev-data/open-ev-data-dataset,2025-12-30T18:57:15Z,Other,OpenEV Data Dataset is a versioned open dataset of electric vehicle specifications authored as layered JSON and compiled into canonical records for analysis and integration.
openchargehub/ocpp-proxy,2025-10-27T06:45:21Z,OCPP > Proxy,"A Home Assistant add-on that proxies a single OCPP 1.6 or 2.0.1 EV charger connection to multiple backend services with arbitration, monitoring, and safety controls."
openchargemap/ocm-data,2021-11-05T04:54:57Z,Other,Deprecated repository containing gzipped JSON snapshots of Open Charge Map POI and reference data exported from a MongoDB cache.
openchargemap/ocm-export,2026-04-23T06:23:39Z,Other > Open Data,"ocm-export exports live Open Charge Map EV charging POI data into per-country, per-POI JSON files for granular change tracking and reuse."
openchargemap/ocm-system,2026-04-09T08:48:19Z,Other > Charging location registry/API,"Open Charge Map is a backend, website, API, and import-processing system for maintaining and serving an open global registry of EV charging locations."
OpenChargingCloud/ChargingStationApp,2026-04-03T22:29:33Z,OCPP > Simulator,Electron-based virtual EV charging station for testing OCPP charging station protocols and related extensions.
OpenChargingCloud/ChargyDesktopApp,2026-07-07T11:39:37Z,Eichrecht > Validator,Chargy is a transparency validation tool and library for verifying e-mobility charging processes and cryptographic energy measurements according to German Calibration Law (Eichrecht).
OpenChargingCloud/ChargyMobileApp,2026-07-07T17:21:56Z,Eichrecht > Verification,A transparency application for verifying cryptographic signatures of energy measurements in EV charging transactions according to German Eichrecht regulations.
OpenChargingCloud/ChargyWebApp,2026-07-08T20:03:15Z,Eichrecht > Validator,Chargy is an open-source transparency software library that validates cryptographic signatures of EV charging processes according to German Calibration Law (Eichrecht) and related EU regulations.
OpenChargingCloud/CSMS,2025-11-19T07:50:49Z,OCPP > Server,An example OCPP 1.6 Central System and OCPP 2.1/2.0.1 Charging Station Management System for testing EV charging infrastructure.
OpenChargingCloud/CSMSApp,2025-11-25T09:50:36Z,OCPP > Server,"Electron-based OCPP Charging Station Management System application for testing and certification of e-mobility protocols, vendor extensions, and third-party charging stations."
OpenChargingCloud/OCPIExplorerDesktopApp,2026-04-23T03:03:28Z,OCPI > Simulator,OCPI Explorer DesktopApp is an Electron desktop application for testing and certification of OCPI protocol implementations and vendor extensions across multiple OCPI versions.
OpenChargingCloud/OCPIExplorerWebApp,2026-02-14T06:16:30Z,OCPI > Misc,"A web application for exploring, testing, and certification support of OCPI protocol implementations and vendor extensions."
OpenChargingCloud/PKI,2023-08-02T19:10:24Z,Other > PKI/Security,"Open Charging Cloud PKI defines a graph-based, multi-signature quorum public key infrastructure for trust and secure communications in e-mobility."
OpenChargingCloud/WWCP_Core,2026-07-05T23:35:39Z,Other > WWCP Library,"WWCP Core defines the core concepts, entities, data structures, and virtual component reference implementations for the World Wide Charging Protocol Suite used in EV charging and roaming networks."
OpenChargingCloud/WWCP_eMIP,2026-05-30T15:11:11Z,EMIP > Libraries,A .NET library for connecting World Wide Charging Protocol entities with Gireve eMIP v0.7.4 roaming entities.
OpenChargingCloud/WWCP_OCHP,2026-05-30T15:10:38Z,Other > OCHP bridge,A bridge enabling communication between WWCP entities and OCHP/OCHPdirect roaming and clearing-house implementations.
OpenChargingCloud/WWCP_OCPI,2026-06-16T21:51:53Z,OCPI > Libraries,"WWCP OCPI is a software bridge that enables communication between WWCP entities and OCPI 2.1.1, 2.2.1, 2.3.0, and draft 3.0 implementations for EV roaming."
OpenChargingCloud/WWCP_OCPP,2026-05-11T17:13:40Z,OCPP > Libraries|Eichrecht > Misc,"WWCP OCPP is a software library for building OCPP 1.6, 2.0.1, and 2.1 services and gateways between OCPP and WWCP, including protocol extensions for security, overlay networking, and regulatory data exchange."
OpenChargingCloud/WWCP_OICP,2026-05-30T15:10:59Z,OICP > Libraries|OICP > Server,"WWCP OICP is a .NET implementation that bridges WWCP entities with OICP v2.3 for CPO, EMP, and central service communication."
OpenChargingCloud/WWCP_OIOI,2023-09-11T22:53:18Z,OIOI > Libraries,A .NET 6 library connecting WWCP entities with PlugSurfing OIOI v4.x e-mobility provider protocol implementations.
OpenChargingCommunity/OpenChargingCommunityAPI,2025-05-29T22:25:54Z,Other,Open Charging Community API is an API project for EV charging community functionality.
OpenChargingCommunity/PKI,2023-08-02T19:13:46Z,Other > PKI/Security,"Open Charging Community PKI defines a graph-based, quorum-controlled public key infrastructure for securing trust relationships in e-mobility."
OpenChargingTechnology/OCPP-SBOM,2025-12-05T02:25:26Z,OCPP > Misc,"OCPP-SBOM provides CycloneDX and SPDX SBOM definitions for OCPP specification release bundles, including PDFs, appendices, schemas, metadata, and hashes for verification and compliance."
OpenChargingTechnology/Whitepapers,2026-02-23T14:30:57Z,OCPP > Misc|OCPI > Misc|OICP > Misc|iso15118 > Misc|Other,"A collection of open EV infrastructure ICT whitepapers covering cybersecurity, interoperability, OCPP, OCPI, OICP, ISO 15118, EV roaming, OpenADR, and related protocols."
opencpo/opencpo,2026-06-15T12:22:48Z,OCPP > Server|OCPP > Simulator|iso15118 > Misc,"OpenCPO is an open-source EV charging platform for running a CPO network with an OCPP 1.6/2.0.1 CSMS, admin dashboard, driver PWA, and virtual charger simulator."
opencpo/opencpo-admin,2026-06-02T23:10:17Z,OCPP > Server|Other > CPO Dashboard,"OCPP Admin is a FastAPI-based CPO dashboard for managing OCPP charger networks, sessions, tariffs, tokens, PKI, and real-time OCPP messages through an OCPP Core API."
opencpo/opencpo-charger-farm,2026-06-02T23:10:18Z,OCPP > Simulator|iso15118 > Plug&Charge,"Virtual Charger Farm is an OCPP 1.6j/2.0.1 virtual charger simulator for stress testing EV charging backends with realistic charger behavior, network faults, charging physics, and scenario reporting."
opencpo/opencpo-core,2026-07-04T18:42:05Z,OCPP > Server|OCPI > Server|iso15118 > Plug&Charge,"OCPP Core is an OCPP 1.6j and 2.0.1 CSMS server with charger profiles, built-in PKI, ISO 15118 Plug & Charge support, OCPI roaming, REST APIs, and Redis/PostgreSQL-backed state and events."
opencpo/opencpo-tester,2026-06-02T22:52:45Z,OCPP > Compliance Testing,"OCPP Compliance Tester is a CLI tool that acts as a CSMS to run OCPP 1.6 and 2.0.1 compliance tests against EV chargers and generate PDF, HTML, and JSON reports."
OpenEMS/openems,2026-07-08T22:08:09Z,Other,"OpenEMS is an open-source modular energy management system platform for monitoring, controlling, and integrating renewable energy sources, storage, and devices including EV charging stations."
OpenEVSE/openevse_esp32_firmware,2026-07-08T12:29:02Z,OCPP > Misc,"An ESP32 WiFi gateway for OpenEVSE charging controllers with OCPP V1.6, MQTT, and web-based control."
OpenV2G/OpenV2G-base,2017-08-17T11:51:34Z,iso15118 > Plug&Charge,"OpenV2G-base provides modular V2G Plug and Charge PKI infrastructure components and REST APIs for ISO 15118 market roles, with mock services where hardware integration is required."
OrangeTux/rauts,2023-01-04T08:45:50Z,OCPP > Libraries,Rauts is an early-stage Rust library for building OCPP servers and clients with Axum-style request routing and handler extraction.
OrangeTux/zeegat,2022-06-26T14:49:05Z,OCPP > Libraries,Zeegat is a Python prototype for routing and composing handlers for OCPP messages using a Service-style interface.
oshsos/publicV2G,2026-06-12T12:37:53Z,iso15118 > Libraries,publicV2G is a C++ ISO 15118 V2G communication stack for embedded CCS AC/DC smart charging systems.
ozgurbayram/OCPPSimulator,2025-12-19T13:47:00Z,OCPP > Simulator,"A web-based OCPP 1.6 simulator for creating simulated EV charge points, connecting them to a CSMS, sending OCPP messages, and monitoring charging communication."
parikshittyagi/ocppClientJ1.6,2020-05-17T15:42:53Z,OCPP > Libraries,A C OCPP 1.6J WebSocket client that connects a charge point to a CMS server and supports basic BootNotification messaging plus OCPP frame parsing and creation.
parklapp/steve-pluggable,2026-04-09T13:08:20Z,OCPP > Server|OCPP > Libraries,"SteVe Pluggable is a Java/Spring Boot OCPP server library for managing charge points, users, RFID authentication, and ESP backend integration."
pazzk-labs/evse,2025-11-01T08:35:07Z,OCPP > Misc|iso15118 > Plug&Charge|Other > EVSE Firmware,"Pazzk EVSE is an archived open-source EVSE firmware project for building charging stations with ISO 15118, IEC 61851, OCPP, and Plug & Charge support."
pazzk-labs/ocpp,2025-11-06T04:48:31Z,OCPP > Libraries,C implementation of an OCPP client with configurable build-time settings and example usage.
pieterh/energy-management-system,2024-04-24T04:09:27Z,Other > Home Energy Management,"HEMS is a Docker-deployable home energy management system for monitoring, configuring, and automating devices including Alfen EV charge points, P1 smart meters, and Enphase solar gateways."
plugoinc/ocpi-openapi,2024-02-19T12:43:49Z,OCPI > OpenAPI Specification,An OpenAPI definition project for documenting and validating the OCPI API specification.
PlugSecure-Inc/ocpp-simulator-lab,2026-06-17T07:34:12Z,OCPP > Simulator,"OCPP Simulator Lab is a Python/FastAPI and Vue web tool that simulates OCPP charge points and CPMS endpoints for testing OCPP 1.6J, 2.0.1, and 2.1 behavior."
pogopaule/awesome-sustainability-jobs,2025-05-17T15:25:51Z,Other,A curated list and map of sustainability-sector companies that offer developer jobs.
Pokiledaa/slac,2022-09-21T11:21:45Z,iso15118 > Misc,"Python implementation of SLAC for INSYS Powerline GP, usable standalone or connected to an EVSE controller."
Polyconseil/ocpp-codec,2020-06-01T13:49:54Z,OCPP > Libraries,A Python library that defines OCPP 1.6 and 2.0 message dataclasses and serializes/deserializes them to and from JSON payloads.
pottio/ioBroker.warp,2023-04-01T02:59:45Z,Other > Smart home adapter,ioBroker.warp is an ioBroker adapter that monitors and controls Tinkerforge WARP wallbox chargers over WebSockets.
powerly-ev/open-ev-charge-android-app,2026-06-26T00:45:17Z,OCPP > Misc|OCPI > Misc|Other,"Powerly Open EV Charge Android App is a white-label Kotlin mobile app for discovering chargers, managing EV charging sessions, bookings, billing, roaming, and peer-to-peer charger sharing through the Powerly platform."
powerly-ev/open-ev-charge-ios-app,2025-11-18T11:23:18Z,Other > Mobile app,"Powerly Open EV Charge is an open-source white-label iOS app for locating EV charging stations, signing in users, and viewing station availability, connector type, and pricing."
psnehanshu/charge-point-simulator,2020-10-09T08:26:59Z,OCPP > Simulator,A charge point simulator that runs multiple simultaneous charging sessions using OCPP 1.5 JSON.
psnehanshu/ocpp-central-system-boilerplate-code,2022-12-13T08:03:40Z,OCPP > Server,Boilerplate Node.js code for starting an OCPP central system server.
psnehanshu/ocpp-task-manager,2023-12-23T08:56:04Z,OCPP > Libraries,"A transport-agnostic Node.js framework for handling OCPP messages to build charge point software, simulators, backends, or CSMS."
QuecPython/OCPP-v1.6,2025-04-30T01:30:54Z,OCPP > Libraries,"A QuecPython Python package implementing OCPP 1.6 JSON building blocks for charge point clients, with demo client and server examples."
Quentin-BACQUET/GIREVE_Tech_OCPI_V2.1.1,2026-05-13T08:45:56Z,OCPI > Misc,GIREVE OCPI V2.1.1 is an implementation guide for integrating CPO and eMSP systems with GIREVE’s IOP OCPI 2.1.1 roaming interface.
Quentin-BACQUET/GIREVE_Tech_OCPI_V2.2.1,2026-05-12T15:51:49Z,OCPI > Misc,"GIREVE OCPI V2.2.1 is documentation for implementing GIREVE’s IOP hub interface, including OCPI integration guidelines for CPO and eMSP roaming workflows."
rally-finance/ocpi-mock-hub,2026-04-22T18:05:44Z,OCPI > Simulator,A Go-based mock OCPI 2.2.1 hub server for developing and testing eMSP/CPO OCPI integrations without a live partner.
ReliON-Charging/everest-dcfc,2026-02-24T14:48:29Z,OCPP > Simulator,"A multi-architecture Docker container for running an EVerest-based virtual DC fast charger with configurable OCPP versions, connectors, smart charging, and a Node-RED simulation dashboard."
remontsuri/EV-QA-Framework,2026-06-19T04:13:26Z,Other > Battery QA and analytics,"EV-QA-Framework is a Python QA framework for EV battery systems that validates BMS telemetry, detects anomalies, predicts SOH, simulates CAN/J1939 data, and exposes monitoring dashboards."
rescoot/sunshine,2025-06-03T05:56:35Z,Other > Electric scooter fleet management,"Sunshine is a Rails web application and API for monitoring telemetry, tracking trips, managing users, and remotely controlling unu/librescoot electric scooters via MQTT."
road-labs/chargestation-one,2026-06-05T13:44:56Z,OCPP > Simulator,Browser-based OCPP charging station simulator supporting OCPP 1.6 and 2.0.1 for testing backend endpoints.
road-labs/ocmf-js,2026-04-24T12:49:57Z,Eichrecht > OCMF Libraries,"TypeScript/JavaScript library for signing, parsing, and verifying Open Charge Metering Format signed meter data."
rohittiwari-dev/ocpp-smart-charge-engine,2026-03-12T05:18:12Z,OCPP > Libraries,TypeScript library that computes and dispatches OCPP smart charging profiles to distribute site grid power across EV charging sessions.
rohittiwari-dev/ocpp-ws-io,2026-06-11T16:11:06Z,OCPP > Libraries|OCPP > Server|OCPP > Simulator,"TypeScript OCPP WebSocket toolkit for building RPC clients and servers, charge point simulators, version proxies, smart charging components, and CLI tooling."
rohittiwari-dev/ocpp-ws-simulator,2026-03-12T21:27:20Z,OCPP > Simulator,A browser-based simulator for running one or more OCPP charge points against a CSMS for testing and debugging.
rohittiwari-dev/voltlog-io,2026-03-08T17:35:37Z,OCPP > Libraries,"VoltLog is a TypeScript structured logging library for real-time systems, with OCPP-aware context support for WebSocket and IoT infrastructure."
romfrolov/ocpp-util,2022-12-30T19:04:35Z,OCPP > Libraries,OCPP Util is a JavaScript utility library for validating OCPP cardinalities and primitive datatypes and accessing OCPP 1.6 and 2.0 enumerations.
romfrolov/station-emulator,2023-06-21T22:13:53Z,OCPP > Simulator,A Rust EV charging station emulator that connects to a CSMS over WebSocket and supports OCPP 2.0 messages such as BootNotification.
ruslan-hut/evsys,2026-06-30T12:25:16Z,OCPP > Server,"EVSYS is an OCPP 1.6J central system server for managing charging points, users, sessions, and related notifications."
ruslan-hut/ocpp-emu,2026-06-30T14:00:30Z,OCPP > Simulator,"Web-based EV charging station emulator for creating and managing simulated OCPP 1.6, 2.0.1, and 2.1 charging stations with message inspection and custom message testing."
SAFE-eV/OCMF-Open-Charge-Metering-Format,2026-04-02T06:32:03Z,Eichrecht > Misc,A Markdown-maintained specification repository for the Open Charge Metering Format (OCMF) used in EV charging metering data.
SAFE-eV/transparenzsoftware,2025-10-28T16:55:47Z,Eichrecht > Misc,Transparenzsoftware is a Java CLI and Swing application for verifying OCMF metrology measurement data from EV charging station meters for MID and German Eichrecht compliance.
salah2277/steve,2026-07-09T08:17:18Z,,"A macOS CLI tool for automating application control and testing via the Accessibility API, unrelated to EV charging."
sap-labs-france/ev-dashboard,2024-08-02T05:37:22Z,OCPP > Server|Other > Dashboard frontend,"Angular dashboard frontend for Open e-Mobility that connects to ev-server to monitor, manage, remotely control, bill, and analyze EV charging stations and related assets."
sap-labs-france/ev-mobile,2023-10-16T06:44:16Z,Other > Mobile App,A React Native Android and iOS mobile app for managing electric vehicle charging stations through the Open e-Mobility backend.
sap-labs-france/ev-server,2024-08-07T13:34:59Z,OCPP > Server|OICP > Misc,"A Node.js backend server for managing EV charging stations, storing OCPP data in MongoDB, exposing REST APIs, and supporting operations such as remote control, smart charging, billing, roaming, and analytics."
sap-labs-france/ev-simulator,2024-01-04T09:48:50Z,OCPP > Simulator,An OCPP-J charging station simulator for e-mobility testing.
SAP-samples/e-mobility-driver-app,2026-06-26T12:16:59Z,Other > Driver App,"A SAP CAP and Vue.js PWA for EV drivers to manage charging access badges, start and stop charging sessions, find stations, and view charging history, costs, and consumption."
SAP/e-mobility-charging-stations-simulator,2026-07-09T07:19:49Z,OCPP > Simulator,"A Node.js-based simulator for OCPP-J charging stations that supports OCPP protocol versions 1.6 and 2.0.x with Web UI, CLI, and Docker deployment."
savekar-ev/OCPI-2.2.1-EMSP-Simulator,2026-05-07T11:44:54Z,OCPI > Simulator,"A Python OCPI 2.2.1 EMSP simulator for testing CPO backend compliance, credentials exchange, data synchronization, sessions, commands, and CDR submissions."
savekar-ev/OCPP-1.6-Charging-Point-Management-System,2026-04-10T06:22:18Z,OCPP > Server,"A full-stack OCPP 1.6 JSON Charge Point Management System for managing EV chargers through a WebSocket server, REST API, admin interface, and PostgreSQL backend."
SCiunczyk/wallbox-diy,2025-01-20T16:03:46Z,Other > Home Assistant integration|Other > Hardware adapter,ESPHome configuration and hardware files for an ESP32 Wi-Fi to Modbus proxy that connects a DIY DomBusEVSE wallbox to Home Assistant and measures EV charging energy.
sepych/ocpp-ts,2021-12-26T16:18:21Z,OCPP > Libraries,TypeScript library for implementing OCPP 1.6 JSON central system and charge point WebSocket communication.
SFOE/ichtankestrom_Documentation,2026-04-02T16:16:54Z,Other > Open Data,"Documentation for Switzerland’s national electromobility data infrastructure, providing real-time charging point availability and open data access for EV charging stations."
Shargus/MasterThesis,2022-12-26T15:57:59Z,Other,Master thesis project on real-time state-of-health estimation for electric vehicle battery packs using time-series extrinsic regression.
ShellRechargeSolutionsEU/docile-charge-point,2022-01-20T16:37:59Z,OCPP > Simulator|OCPP > Libraries,A Scala-based scriptable OCPP charge point simulator and test tool for running scripted charge point behavior and assertions against OCPP central systems.
ShellRechargeSolutionsEU/ocpi-endpoints,2021-07-29T09:20:24Z,OCPI > Libraries,"Scala library providing reusable OCPI protocol endpoint routes, clients, message serialization, and example usage for applications implementing common OCPI modules."
ShellRechargeSolutionsEU/ocpp,2021-10-08T09:39:37Z,OCPP > Libraries,"Scala library implementing the OCPP network protocol with message types, JSON serialization, and RPC support for OCPP-J 1.5/1.6 and partial OCPP 2.0."
ShellRechargeSolutionsEU/ocpp-charger,2021-08-17T13:49:10Z,OCPP > Simulator,Actor-based OCPP charger simulator that can run standalone against a central system over SOAP or OCPP-J/WebSocket.
ShellRechargeSolutionsEU/ocpp-soap,2020-06-12T09:53:46Z,OCPP > Libraries,Scala libraries and generated SOAP bindings for handling OCPP 1.2 and 1.5 messages over SOAP.
shiks2/charlie,2026-04-19T04:47:02Z,,Lightweight OCPP 1.6J Central System in Go. Open-source alternative to heavy Java-based CSMS servers. Powers Volt — hosted EV charging infrastructure management.
shiv3/gocpi,2026-06-30T06:51:35Z,OCPI > Libraries,"gocpi is a Go library that provides generated typed OCPI clients, server handlers, validation, transport semantics, and pricing utilities for OCPI 2.1.1, 2.2.1, and 2.3.0 e-mobility roaming."
shiv3/gocpp,2026-06-18T15:23:55Z,OCPP > Libraries,"gocpp is a Go library for building typed OCPP 1.6, 2.0.1, and 2.1 CSMS servers and charge point clients with schema validation and pluggable storage, authentication, and observability."
shiv3/ocpp-cp-simulator,2026-07-09T05:07:04Z,OCPP > Simulator,"OCPP 1.6J charge point simulator with browser UI, CLI, and Socket.IO API for testing charge management systems and AI agents."
siddharthsabron/ocpp,2024-04-18T04:49:38Z,OCPP > Server,TypeScript Node.js WebSocket server for communicating with OCPP-compatible EV charging stations.
skazemi/awesome-evse,2024-03-13T21:18:25Z,OCPP > Misc|OCPI > Misc|iso15118 > Misc|Other,"A curated awesome list of EV charging tools, frameworks, libraries, and software."
slachiewicz/ocpp-csms-backend,2025-07-25T21:03:20Z,OCPP > Server,Python/FastAPI and Vue3 CSMS for monitoring and controlling EV charging stations over WebSocket with queue-based charge point services and management logic.
slachiewicz/ocpp16jto201gateway,2023-12-02T14:25:54Z,OCPP > Misc,OCPP 1.6 JSON to OCPP 2.0.1 gateway for translating charge point communication between protocol versions.
smartenergycontrol-be/ocpp-proxy,2025-09-29T14:35:20Z,OCPP > Server,A Home Assistant OCPP proxy that shares one EV charger across multiple backend services with OCPP 1.6/2.0.1 support and control arbitration.
SmartEVSE/SmartEVSE-3,2026-06-03T17:59:11Z,OCPP > Charge Point|Other > EVSE Controller,"SmartEVSE v3 is open-source firmware and hardware for an EVSE charge controller with smart load balancing, Modbus/RS485 metering, WiFi, MQTT/REST APIs, and OCPP 1.6J support."
SolarNetwork/solarnetwork-central,2026-07-08T05:04:39Z,Other > Platform,"A cloud platform for SolarNetwork that manages user accounts, IoT device provisioning, and energy data collection via REST APIs, with support for OCPP integration."
SolarNetwork/solarnetwork-node-ocpp,2026-07-07T03:42:36Z,OCPP > Server,SolarNode plugins enabling OCPP protocol support for the SolarNode energy management platform.
solectrus/ruze,2026-06-02T08:46:46Z,Other > Vehicle API client,"RuZE is an unofficial Ruby client for the Renault ZE API that retrieves electric vehicle battery, mileage, charging, and location data."
solidstudiosh/ocpi-schema,2025-06-09T07:43:10Z,OCPI > Libraries,A Node.js tool that generates JSON Schemas for OCPI versions 2.1.1 and later.
solidstudiosh/ocpp-virtual-charge-point,2026-06-23T13:08:17Z,OCPP > Simulator,A Node.js terminal-based simulator for OCPP 1.6 and 2.0.1 charging stations with configurable WebSocket connection settings and schema validation.
solutionforest/ocpp-php,2026-06-03T09:29:07Z,OCPP > Libraries,PHP library for building OCPP 1.6 and OCPP 2.0.1 charging station and central system implementations over WebSocket.
soneeee22000/go-charger-ramp,2026-06-30T11:46:48Z,OCPP > Simulator,"A Go charger-supervision service that simulates an OCPP-style heartbeat fleet, tracks charger liveness concurrently, exposes fleet status over HTTP, and shuts down gracefully."
srcfl/device-simulator,2026-06-16T07:08:38Z,OCPP > Simulator|Other > Device simulator,"Device Simulator is a Go desktop and Docker app for dynamically simulating solar inverters, batteries, EV chargers, and energy meters over Modbus TCP, MQTT, and OCPP for testing."
steve-community/ocpi-models,2026-07-08T13:11:32Z,OCPI > Libraries,"A Java library providing OCPI 2.2.1 data models, Spring MVC API mappings, and RestTemplate clients for building OCPI-compatible applications."
steve-community/ocpp-jaxb,2026-06-30T04:38:36Z,OCPP > Libraries,"Java data model mappings for OCPP requests and responses across versions 1.2, 1.5, 1.6, 1.6 security, 2.0.1, and 2.1."
steve-community/steve,2026-06-30T19:53:48Z,OCPP > Server,"SteVe is a Java-based OCPP server and EV charging station management system for administering charge points, users, RFID authentication, security extensions, and related charging operations."
steve-white/ocpp-server,2026-06-04T21:31:35Z,OCPP > Server,"A Go proof-of-concept OCPP 1.6 CSMS server for connecting chargers, handling basic messages and sessions, and sending charger commands via REST and message queues."
stromenergy/strom,2023-05-20T14:18:31Z,OCPP > Server|Other,"Strom is an open-source OCPP 1.6 bridge that lets charge point owners start, stop, monitor, and bill EV charging sessions using Lightning and Nostr payment flows."
suroorhussain/ev-protocols,2023-08-16T15:53:20Z,OCPI > Misc,A Docusaurus documentation site that translates the official OCPI specification from AsciiDoc to Markdown for easier navigation.
SwitchEV/RISE-V2G,2025-12-19T22:50:54Z,iso15118 > Plug&Charge,"RISE V2G is an open-source reference implementation of the ISO 15118 vehicle-to-grid communication interface between EVs and charging stations, including Plug & Charge and load control support."
tandemdrive/ocpi-tariffs,2025-03-19T09:04:08Z,OCPI > Libraries,A project for calculating tariffs according to OCPI.
TECHS-Technological-Solutions/ocpi,2025-12-26T12:59:56Z,OCPI > Libraries,"py-ocpi is a Python library implementing OCPI with schemas, CRUD integration, and adapters for connecting central-system data to the protocol."
TECHS-Technological-Solutions/ocpp-simulator,2022-08-29T07:05:39Z,OCPP > Simulator,An OCPP-based simulator for simulating an EV charge point.
thepaulcooper/victron-openEVSE,2021-10-23T14:39:53Z,Other > Energy Management,Node-RED controller that adjusts an openEVSE charger via MQTT to use available Victron PV and battery power for EV charging.
thoughtworks/maeve-csms,2024-08-01T17:20:26Z,OCPP > Server|iso15118 > Plug&Charge,MaEVe is an experimental Go-based EV charge station management system that accepts OCPP 1.6j/2.0.1 charge station connections and integrates with Hubject for ISO 15118 Plug and Charge.
tommymalmqvist/rust-ocpp,2026-06-08T12:33:12Z,OCPP > Libraries,"rust-ocpp is a Rust library implementing OCPP 1.6, 2.0.1, and work-in-progress 2.1 data models validated against official JSON schemas."
TumbleOwlee/ferrowl,2026-07-07T23:07:12Z,OCPP > Simulator,A Rust terminal user interface application for simulating Modbus and OCPP charging devices (stations and central systems) for testing and development.
tux-evse/afb-ocpp-ext,2025-11-25T11:03:22Z,OCPP > Libraries,libafb extension that adds OCPP 1.6 and 2.0.1 transport support for AFB micro-services.
tux-evse/ocpp-binding-rs,2024-11-18T10:55:52Z,OCPP > Libraries,Rust OCPP charger stack implementation packaged as an afb-binding microservice for OCPP 1.6 and 2.0.1 WebSocket communication and testing.
tux-evse/ocpp-csms,2023-10-17T14:45:12Z,OCPP > Server|OCPP > Simulator,Podman configuration and scripts for running and testing a Maeve-based OCPP CSMS with a simple OCPP 1.6 client.
tzi-app/tzi-OCTT,2026-03-05T08:59:58Z,OCPP > Test Suite,A Python pytest-based OCTT test suite for verifying CSMS implementations against OCPP 2.0.1 and OCPP 1.6J.
u2ware/ocpp-boot-client,2025-10-21T09:23:07Z,OCPP > Simulator,"ocpp-boot-client is a Spring Boot OCPP client emulator/sample implementation for OCPP 1.6, 2.0.1, and 2.1 with customizable client handlers and a console UI."
u2ware/ocpp-boot-server,2025-10-21T09:22:43Z,OCPP > Server|OCPP > Simulator,"Spring Boot-based customizable OCPP server emulator/sample implementation supporting OCPP 1.6, 2.0.1, and 2.1 with pluggable Java handlers and mock testing."
uhi22/ccs32,2023-07-18T07:01:20Z,iso15118 > Misc,An Arduino/ESP32 project that implements the vehicle-side CCS ISO 15118 charging controller on a WT32-ETH01 with a HomePlug modem.
uhi22/ccs32clara,2026-06-22T05:21:41Z,iso15118 > Misc|Other > CCS charge controller,Embedded STM32 firmware for a CCS charge controller that communicates with a QCA7005 HomePlug Green PHY modem to control EV charging.
uhi22/pyPLC,2026-05-22T14:47:23Z,iso15118 > Misc,"Python tools for experimenting with CCS charging communication, including PLC traffic sniffing and EVSE/PEV modes for ISO 15118/DIN 70121 workflows."
unified-error-codes/csds,2026-04-30T17:32:39Z,OCPP > Misc,"UEC Software Stack provides backend, UI, and EVSE-agent components for charging station diagnostics using unified error codes and telemetry retrieved via OCPP."
unified-error-codes/specification,2026-05-20T09:12:55Z,Other,Draft specification for standardized error codes and diagnostics across the EV charging ecosystem.
v-bodnar/ocpp-server,2021-11-20T17:45:10Z,OCPP > Server,"Java 11 OCPP server application with GUI and CLI modes, SSL/TLS support, REST control API, and runtime behavior customization via Groovy scripts."
vampirebyte/rabbitmq-web-ocpp,2026-06-07T20:28:20Z,OCPP > Misc,RabbitMQ Web OCPP is a RabbitMQ plugin that translates OCPP-over-WebSocket connections from EV charge stations into AMQP-routed messages.
vasyas/charger-simulator,2025-04-09T10:51:53Z,OCPP > Simulator,"TypeScript OCPP charging station simulator usable as a CLI or JS library, supporting OCPP-J 1.6 and OCPP-SOAP 1.5."
vbalagovic/cars-dataset,2026-07-08T06:31:55Z,Other > Dataset,"CarsDataset is a global automotive specifications database and REST API providing technical specs, performance data, and market prices for 54,000+ vehicle variants (cars, trucks, motorcycles) across 370+ brands from 1898–2026."
Veton-ev/Veton-EMS-Integration,2026-05-21T12:57:24Z,OCPP > Misc|Other > EMS integration,"Developer documentation and examples for integrating Veton/Phoenix Contact CHARX EV chargers with an EMS via Modbus, MQTT, REST, and OCPP 1.6."
vfg27/CheckOCPP,2026-03-22T21:58:57Z,OCPP > Misc,CheckOCPP is a Wireshark Lua dissector that detects OCPP JSON traffic versions and validates captured messages against protocol schemas for passive compliance auditing.
vfg27/EmuOCPP,2026-03-22T22:08:50Z,OCPP > Simulator,"EmuOCPP is a Mininet/IPMininet-based OCPP emulator for simulating EV charging stations and central systems across OCPP 1.6, 2.0, and 2.0.1 with security profiles and certificate tooling."
victormunoz/OCPP-1.6-Chargebox-Simulator,2024-07-08T11:45:44Z,OCPP > Simulator,A simple OCPP 1.6 charge point simulator that connects to a central station and sends common chargebox events.
villekr/ocpp-asgi,2022-12-23T13:11:18Z,OCPP > Libraries,ocpp-asgi is a Python library that extends mobilityhouse/ocpp with an ASGI interface for building event-driven OCPP Central System backends over WebSocket and HTTP.
virta-ltd/charge-device-simulator,2026-05-05T12:04:22Z,OCPP > Simulator|Other > Ensto simulator,"Python-based device simulator framework for EV charging protocols including OCPP and Ensto, packaged for Docker-based execution."
vlcty/TeslaWallbox,2022-12-09T17:57:08Z,Other > Wallbox library,"A Go library for querying version, lifetime statistics, and live vitals from Gen 3 Tesla wallboxes."
vnbaaij/OCPP.NET,2020-12-27T19:49:42Z,,
voltbras/go-ocpp,2022-02-16T10:02:22Z,OCPP > Libraries,A Go implementation of OCPP 1.5 SOAP and OCPP 1.6 JSON for building central system and charge point clients.
voltbras/ts-ocpp,2026-01-20T22:04:53Z,OCPP > Libraries,TypeScript library for implementing OCPP central systems and charge points with support for OCPP-JSON 1.6 and OCPP-SOAP 1.5.
vorchunpaul/ocpp-gateway,2022-02-28T05:49:48Z,OCPP > Misc,OCPP gateway that translates selected messages between OCPP 2.0.1 charge points and OCPP 1.6 servers.
wang007/e-iot,2025-10-10T07:38:12Z,OCPP > Libraries|Other > Yunkuaichong,"e-iot is a Vert.x-based Java library for implementing OCPP 1.6J, 2.0.1, 2.1 and Yunkuaichong charging protocols."
weemaba999/homeassistant-tap-community,2026-05-29T13:08:20Z,OCPP > Misc|Other > Home Assistant integration,"Unofficial Home Assistant integration for monitoring and controlling Tap Electric-managed EV chargers via Tap APIs, with optional live session metadata and remote start/stop support."
wfvining/ocpp,2025-02-24T00:30:31Z,OCPP > Libraries,"Erlang OTP library implementing the OCPP 2.0.1 protocol layer for CSMS applications, handling station communication semantics and compliance support."
wiedergruen/ocmf,2019-07-08T19:09:48Z,Eichrecht > Misc,Markdown version of the Open Charge Metering Format specification for further development within the SAFE Group.
wirelane/ocpp-client-simulator,2026-03-05T13:43:45Z,OCPP > Simulator,"A Node.js command-line simulator for an OCPP 1.6 JSON/WebSocket charging station that connects to an OCPP server and exercises scenarios such as RFID authorization, remote start/stop, connectors, and signed meter values."
xBlaz3kx/evcc-helm-chart,2026-07-01T06:50:23Z,OCPP > Misc|Other,"Helm chart for deploying EVCC, an EV charging controller, on Kubernetes with configurable services and SQLite backups."
yohannlog/OCPP_ChargingStation_2_0_1,2022-05-20T21:33:33Z,OCPP > Simulator,A JavaFX charging station simulator for testing OCPP 2.0.1 JSON server implementations without a physical charger.
yuncitys/YunCharging,2024-10-17T13:01:29Z,OCPP > Server|Other > Charging management platform,"YunCharge is an open-source EV and e-bike charging operation and billing platform with user apps, payments, charger management, and support for YunKuaiChong and OCPP protocols."
ZeMorfe/nodejs_ocpp16_client,2020-03-23T17:36:58Z,OCPP > Simulator,"Node.js OCPP 1.6 JSON charge point client for testing server interactions, web UI control, and smart charging profile behavior."
zephyrproject-rtos/zephyr,2026-07-09T06:00:41Z,Other > Platform,"Zephyr is a scalable, secure real-time operating system (RTOS) for resource-constrained embedded and IoT devices, supporting multiple hardware architectures."
ZhongRuoyu/ocppsim,2026-07-08T08:23:44Z,OCPP > Simulator,A terminal OCPP-J charge point simulator written in Rust that connects to a CSMS over WebSocket and enables interactive testing of OCPP protocol workflows and charge point behavior.
zzerk/OCPP-J-Server,2022-02-12T02:16:14Z,OCPP > Server,A basic Node.js server implementation for the OCPP 1.6J protocol.
